{
  "id": "2406758",
  "name": "mi",
  "font_family": "iconfont",
  "css_prefix_text": "icon-",
  "description": "",
  "glyphs": [
    {
      "icon_id": "344272",
      "name": "手机",
      "font_class": "icon",
      "unicode": "e633",
      "unicode_decimal": 58931
    },
    {
      "icon_id": "785024",
      "name": "购物车",
      "font_class": "gouwuche",
      "unicode": "e653",
      "unicode_decimal": 58963
    },
    {
      "icon_id": "880429",
      "name": "扳手",
      "font_class": "editor2",
      "unicode": "e62e",
      "unicode_decimal": 58926
    },
    {
      "icon_id": "1037688",
      "name": "微信",
      "font_class": "weixin",
      "unicode": "e61a",
      "unicode_decimal": 58906
    },
    {
      "icon_id": "1166722",
      "name": "放大镜",
      "font_class": "fangdajing",
      "unicode": "e63d",
      "unicode_decimal": 58941
    },
    {
      "icon_id": "1221276",
      "name": "位置",
      "font_class": "weizhi",
      "unicode": "e610",
      "unicode_decimal": 58896
    },
    {
      "icon_id": "3091990",
      "name": "向左",
      "font_class": "xiangzuo",
      "unicode": "e779",
      "unicode_decimal": 59257
    },
    {
      "icon_id": "4266150",
      "name": "耳机",
      "font_class": "erji",
      "unicode": "e711",
      "unicode_decimal": 59153
    },
    {
      "icon_id": "5082606",
      "name": "向右",
      "font_class": "xiangyou",
      "unicode": "e64a",
      "unicode_decimal": 58954
    },
    {
      "icon_id": "6711397",
      "name": "倒计时",
      "font_class": "daojishi",
      "unicode": "e643",
      "unicode_decimal": 58947
    },
    {
      "icon_id": "7193671",
      "name": "Z-倒计时",
      "font_class": "Z-daojishi",
      "unicode": "e72c",
      "unicode_decimal": 59180
    },
    {
      "icon_id": "7335463",
      "name": "向右",
      "font_class": "xiangyou1",
      "unicode": "eb1f",
      "unicode_decimal": 60191
    },
    {
      "icon_id": "7335472",
      "name": "向左",
      "font_class": "xiangzuo1",
      "unicode": "eb21",
      "unicode_decimal": 60193
    },
    {
      "icon_id": "7550216",
      "name": "向右",
      "font_class": "xiangyou2",
      "unicode": "e68b",
      "unicode_decimal": 59019
    },
    {
      "icon_id": "11776582",
      "name": "微博",
      "font_class": "weibo",
      "unicode": "e611",
      "unicode_decimal": 58897
    },
    {
      "icon_id": "17408083",
      "name": "用户",
      "font_class": "yonghu",
      "unicode": "e618",
      "unicode_decimal": 58904
    },
    {
      "icon_id": "18005601",
      "name": "向右",
      "font_class": "right",
      "unicode": "e619",
      "unicode_decimal": 58905
    },
    {
      "icon_id": "19691494",
      "name": "礼物",
      "font_class": "gift",
      "unicode": "eb8f",
      "unicode_decimal": 60303
    }
  ]
}
